{"cameraMode":{"drawMode":0,"name":"Shaded","section":"Shading Mode"},"sceneLighting":true,"audioPlay":false,"sceneViewState":{"m_AlwaysRefresh":false,"showFog":true,"showSkybox":true,"showFlares":true,"showImageEffects":true,"showParticleSystems":true,"showVisualEffectGraphs":true,"m_FxEnabled":true},"in2DMode":false,"pivot":{"x":331.8326721191406,"y":128.24017333984376,"z":92.02960205078125},"rotation":{"x":-0.03799552842974663,"y":0.07007770240306854,"z":0.00271168677136302,"w":0.9968365430831909},"size":544.0545043945313,"orthographic":false}