{"cameraMode":{"drawMode":0,"name":"Shaded","section":"Shading Mode"},"sceneLighting":true,"audioPlay":false,"sceneViewState":{"m_AlwaysRefresh":false,"showFog":true,"showSkybox":true,"showFlares":true,"showImageEffects":true,"showParticleSystems":true,"showVisualEffectGraphs":true,"m_FxEnabled":true},"in2DMode":false,"pivot":{"x":-48.31134033203125,"y":25.539669036865236,"z":16.20965576171875},"rotation":{"x":0.13929001986980439,"y":0.7591696381568909,"z":-0.17277495563030244,"w":0.6117702126502991},"size":0.6870990991592407,"orthographic":false}