{"cameraMode":{"drawMode":0,"name":"Shaded","section":"Shading Mode"},"sceneLighting":true,"audioPlay":false,"sceneViewState":{"m_AlwaysRefresh":false,"showFog":true,"showSkybox":true,"showFlares":true,"showImageEffects":true,"showParticleSystems":true,"showVisualEffectGraphs":true,"m_FxEnabled":true},"in2DMode":false,"pivot":{"x":-24.032949447631837,"y":9.169902801513672,"z":0.6147345304489136},"rotation":{"x":0.10937925428152085,"y":0.7091289162635803,"z":-0.11284556984901428,"w":0.6873454451560974},"size":2.9834792613983156,"orthographic":false}