{"cameraMode":{"drawMode":0,"name":"Shaded","section":"Shading Mode"},"sceneLighting":true,"audioPlay":false,"sceneViewState":{"m_AlwaysRefresh":false,"showFog":true,"showSkybox":true,"showFlares":true,"showImageEffects":true,"showParticleSystems":true,"showVisualEffectGraphs":true,"m_FxEnabled":true},"in2DMode":false,"pivot":{"x":-15.754655838012696,"y":4.659076690673828,"z":0.13129207491874696},"rotation":{"x":0.13056930899620057,"y":0.7123251557350159,"z":-0.1375332623720169,"w":0.6756458282470703},"size":7.1749982833862309,"orthographic":false}