{"cameraMode":{"drawMode":0,"name":"Shaded","section":"Shading Mode"},"sceneLighting":true,"audioPlay":false,"sceneViewState":{"m_AlwaysRefresh":false,"showFog":true,"showSkybox":true,"showFlares":true,"showImageEffects":true,"showParticleSystems":true,"showVisualEffectGraphs":true,"m_FxEnabled":true},"in2DMode":false,"pivot":{"x":-1.5413274765014649,"y":-13.703544616699219,"z":-1.6312503814697266},"rotation":{"x":0.2445182502269745,"y":0.6463307738304138,"z":-0.23082387447357179,"w":0.6851012110710144},"size":19.650867462158204,"orthographic":false}